<?xml version="1.0" encoding="UTF-8"?>
<weatherdata><location><name>Aberporth</name><type></type><country>GB</country><timezone>3600</timezone><location altitude="0" latitude="52.1342" longitude="-4.5463" geobase="geonames" geobaseid="2657789"></location></location><credit></credit><meta><lastupdate></lastupdate><calctime>0</calctime><nextupdate></nextupdate></meta><sun rise="2019-10-09T06:31:50" set="2019-10-09T17:39:00"></sun><forecast><time from="2019-10-09T18:00:00" to="2019-10-09T21:00:00"><symbol number="800" name="clear sky" var="01n"></symbol><precipitation></precipitation><windDirection deg="278.892" code="W" name="West"></windDirection><windSpeed mps="6.43" unit="m/s" name="Moderate breeze"></windSpeed><temperature unit="celsius" value="10.5" min="8.96" max="10.5"></temperature><pressure unit="hPa" value="1007"></pressure><humidity value="89" unit="%"></humidity><clouds value="clear sky" all="7" unit="%"></clouds></time><time from="2019-10-09T21:00:00" to="2019-10-10T00:00:00"><symbol number="800" name="clear sky" var="01n"></symbol><precipitation></precipitation><windDirection deg="276.179" code="W" name="West"></windDirection><windSpeed mps="6.188" unit="m/s" name="Moderate breeze"></windSpeed><temperature unit="celsius" value="9.87" min="8.72" max="9.87"></temperature><pressure unit="hPa" value="1009"></pressure><humidity value="89" unit="%"></humidity><clouds value="few clouds" all="10" unit="%"></clouds></time><time from="2019-10-10T00:00:00" to="2019-10-10T03:00:00"><symbol number="500" name="light rain" var="10n"></symbol><precipitation unit="3h" value="0.312" type="rain"></precipitation><windDirection deg="268.496" code="W" name="West"></windDirection><windSpeed mps="5.181" unit="m/s" name="Gentle Breeze"></windSpeed><temperature unit="celsius" value="9.17" min="8.4" max="9.17"></temperature><pressure unit="hPa" value="1009"></pressure><humidity value="90" unit="%"></humidity><clouds value="few clouds" all="24" unit="%"></clouds></time><time from="2019-10-10T03:00:00" to="2019-10-10T06:00:00"><symbol number="500" name="light rain" var="10n"></symbol><precipitation unit="3h" value="0.188" type="rain"></precipitation><windDirection deg="259.85" code="W" name="West"></windDirection><windSpeed mps="4.999" unit="m/s" name="Gentle Breeze"></windSpeed><temperature unit="celsius" value="8.8" min="8.42" max="8.8"></temperature><pressure unit="hPa" value="1011"></pressure><humidity value="91" unit="%"></humidity><clouds value="scattered clouds" all="35" unit="%"></clouds></time><time from="2019-10-10T06:00:00" to="2019-10-10T09:00:00"><symbol number="803" name="broken clouds" var="04d"></symbol><precipitation></precipitation><windDirection deg="232.263" code="SW" name="Southwest"></windDirection><windSpeed mps="4.335" unit="m/s" name="Gentle Breeze"></windSpeed><temperature unit="celsius" value="10.95" min="10.95" max="10.95"></temperature><pressure unit="hPa" value="1011"></pressure><humidity value="88" unit="%"></humidity><clouds value="broken clouds" all="84" unit="%"></clouds></time><time from="2019-10-10T09:00:00" to="2019-10-10T12:00:00"><symbol number="804" name="overcast clouds" var="04d"></symbol><precipitation></precipitation><windDirection deg="216.319" code="SW" name="Southwest"></windDirection><windSpeed mps="7.534" unit="m/s" name="Moderate breeze"></windSpeed><temperature unit="celsius" value="12.01" min="12.01" max="12.01"></temperature><pressure unit="hPa" value="1010"></pressure><humidity value="89" unit="%"></humidity><clouds value="overcast clouds" all="92" unit="%"></clouds></time><time from="2019-10-10T12:00:00" to="2019-10-10T15:00:00"><symbol number="500" name="light rain" var="10d"></symbol><precipitation unit="3h" value="0.938" type="rain"></precipitation><windDirection deg="230.368" code="SW" name="Southwest"></windDirection><windSpeed mps="7.717" unit="m/s" name="Moderate breeze"></windSpeed><temperature unit="celsius" value="13.15" min="13.15" max="13.15"></temperature><pressure unit="hPa" value="1008"></pressure><humidity value="94" unit="%"></humidity><clouds value="overcast clouds" all="100" unit="%"></clouds></time><time from="2019-10-10T15:00:00" to="2019-10-10T18:00:00"><symbol number="500" name="light rain" var="10n"></symbol><precipitation unit="3h" value="0.874" type="rain"></precipitation><windDirection deg="225.835" code="SW" name="Southwest"></windDirection><windSpeed mps="6.843" unit="m/s" name="Moderate breeze"></windSpeed><temperature unit="celsius" value="12.71" min="12.71" max="12.71"></temperature><pressure unit="hPa" value="1007"></pressure><humidity value="94" unit="%"></humidity><clouds value="overcast clouds" all="100" unit="%"></clouds></time><time from="2019-10-10T18:00:00" to="2019-10-10T21:00:00"><symbol number="500" name="light rain" var="10n"></symbol><precipitation unit="3h" value="0.438" type="rain"></precipitation><windDirection deg="228.29" code="SW" name="Southwest"></windDirection><windSpeed mps="5.199" unit="m/s" name="Gentle Breeze"></windSpeed><temperature unit="celsius" value="11.58" min="11.58" max="11.58"></temperature><pressure unit="hPa" value="1007"></pressure><humidity value="94" unit="%"></humidity><clouds value="overcast clouds" all="93" unit="%"></clouds></time><time from="2019-10-10T21:00:00" to="2019-10-11T00:00:00"><symbol number="500" name="light rain" var="10n"></symbol><precipitation unit="3h" value="0.187" type="rain"></precipitation><windDirection deg="222.167" code="SW" name="Southwest"></windDirection><windSpeed mps="4.736" unit="m/s" name="Gentle Breeze"></windSpeed><temperature unit="celsius" value="11.25" min="11.25" max="11.25"></temperature><pressure unit="hPa" value="1006"></pressure><humidity value="95" unit="%"></humidity><clouds value="overcast clouds" all="95" unit="%"></clouds></time><time from="2019-10-11T00:00:00" to="2019-10-11T03:00:00"><symbol number="500" name="light rain" var="10n"></symbol><precipitation unit="3h" value="0.312" type="rain"></precipitation><windDirection deg="215.555" code="SW" name="Southwest"></windDirection><windSpeed mps="4.348" unit="m/s" name="Gentle Breeze"></windSpeed><temperature unit="celsius" value="11.12" min="11.12" max="11.12"></temperature><pressure unit="hPa" value="1005"></pressure><humidity value="95" unit="%"></humidity><clouds value="overcast clouds" all="100" unit="%"></clouds></time><time from="2019-10-11T03:00:00" to="2019-10-11T06:00:00"><symbol number="500" name="light rain" var="10n"></symbol><precipitation unit="3h" value="0.688" type="rain"></precipitation><windDirection deg="206.612" code="SSW" name="South-southwest"></windDirection><windSpeed mps="5.985" unit="m/s" name="Moderate breeze"></windSpeed><temperature unit="celsius" value="11.77" min="11.77" max="11.77"></temperature><pressure unit="hPa" value="1004"></pressure><humidity value="94" unit="%"></humidity><clouds value="overcast clouds" all="100" unit="%"></clouds></time><time from="2019-10-11T06:00:00" to="2019-10-11T09:00:00"><symbol number="500" name="light rain" var="10d"></symbol><precipitation unit="3h" value="1.062" type="rain"></precipitation><windDirection deg="211.088" code="SSW" name="South-southwest"></windDirection><windSpeed mps="11.364" unit="m/s" name="Strong breeze"></windSpeed><temperature unit="celsius" value="13.15" min="13.15" max="13.15"></temperature><pressure unit="hPa" value="1001"></pressure><humidity value="93" unit="%"></humidity><clouds value="overcast clouds" all="100" unit="%"></clouds></time><time from="2019-10-11T09:00:00" to="2019-10-11T12:00:00"><symbol number="500" name="light rain" var="10d"></symbol><precipitation unit="3h" value="0.688" type="rain"></precipitation><windDirection deg="294.117" code="WNW" name="West-northwest"></windDirection><windSpeed mps="6.449" unit="m/s" name="Moderate breeze"></windSpeed><temperature unit="celsius" value="12.65" min="12.65" max="12.65"></temperature><pressure unit="hPa" value="1003"></pressure><humidity value="86" unit="%"></humidity><clouds value="overcast clouds" all="100" unit="%"></clouds></time><time from="2019-10-11T12:00:00" to="2019-10-11T15:00:00"><symbol number="500" name="light rain" var="10d"></symbol><precipitation unit="3h" value="0.25" type="rain"></precipitation><windDirection deg="249.959" code="WSW" name="West-southwest"></windDirection><windSpeed mps="7.558" unit="m/s" name="Moderate breeze"></windSpeed><temperature unit="celsius" value="12.27" min="12.27" max="12.27"></temperature><pressure unit="hPa" value="1004"></pressure><humidity value="80" unit="%"></humidity><clouds value="overcast clouds" all="100" unit="%"></clouds></time><time from="2019-10-11T15:00:00" to="2019-10-11T18:00:00"><symbol number="500" name="light rain" var="10n"></symbol><precipitation unit="3h" value="0.062" type="rain"></precipitation><windDirection deg="233.554" code="SW" name="Southwest"></windDirection><windSpeed mps="4.402" unit="m/s" name="Gentle Breeze"></windSpeed><temperature unit="celsius" value="10.54" min="10.54" max="10.54"></temperature><pressure unit="hPa" value="1005"></pressure><humidity value="82" unit="%"></humidity><clouds value="overcast clouds" all="100" unit="%"></clouds></time><time from="2019-10-11T18:00:00" to="2019-10-11T21:00:00"><symbol number="500" name="light rain" var="10n"></symbol><precipitation unit="3h" value="0.438" type="rain"></precipitation><windDirection deg="235.801" code="SW" name="Southwest"></windDirection><windSpeed mps="4" unit="m/s" name="Gentle Breeze"></windSpeed><temperature unit="celsius" value="9.73" min="9.73" max="9.73"></temperature><pressure unit="hPa" value="1007"></pressure><humidity value="89" unit="%"></humidity><clouds value="overcast clouds" all="100" unit="%"></clouds></time><time from="2019-10-11T21:00:00" to="2019-10-12T00:00:00"><symbol number="500" name="light rain" var="10n"></symbol><precipitation unit="3h" value="0.312" type="rain"></precipitation><windDirection deg="226.707" code="SW" name="Southwest"></windDirection><windSpeed mps="3.111" unit="m/s" name="Light breeze"></windSpeed><temperature unit="celsius" value="9" min="9" max="9"></temperature><pressure unit="hPa" value="1007"></pressure><humidity value="90" unit="%"></humidity><clouds value="overcast clouds" all="100" unit="%"></clouds></time><time from="2019-10-12T00:00:00" to="2019-10-12T03:00:00"><symbol number="804" name="overcast clouds" var="04n"></symbol><precipitation></precipitation><windDirection deg="225.889" code="SW" name="Southwest"></windDirection><windSpeed mps="3.234" unit="m/s" name="Light breeze"></windSpeed><temperature unit="celsius" value="8.85" min="8.85" max="8.85"></temperature><pressure unit="hPa" value="1007"></pressure><humidity value="91" unit="%"></humidity><clouds value="overcast clouds" all="100" unit="%"></clouds></time><time from="2019-10-12T03:00:00" to="2019-10-12T06:00:00"><symbol number="804" name="overcast clouds" var="04n"></symbol><precipitation></precipitation><windDirection deg="220.094" code="SW" name="Southwest"></windDirection><windSpeed mps="2.952" unit="m/s" name="Light breeze"></windSpeed><temperature unit="celsius" value="8.41" min="8.41" max="8.41"></temperature><pressure unit="hPa" value="1007"></pressure><humidity value="92" unit="%"></humidity><clouds value="overcast clouds" all="100" unit="%"></clouds></time><time from="2019-10-12T06:00:00" to="2019-10-12T09:00:00"><symbol number="804" name="overcast clouds" var="04d"></symbol><precipitation></precipitation><windDirection deg="227.738" code="SW" name="Southwest"></windDirection><windSpeed mps="3.716" unit="m/s" name="Gentle Breeze"></windSpeed><temperature unit="celsius" value="11.28" min="11.28" max="11.28"></temperature><pressure unit="hPa" value="1008"></pressure><humidity value="86" unit="%"></humidity><clouds value="overcast clouds" all="100" unit="%"></clouds></time><time from="2019-10-12T09:00:00" to="2019-10-12T12:00:00"><symbol number="500" name="light rain" var="10d"></symbol><precipitation unit="3h" value="0.25" type="rain"></precipitation><windDirection deg="236.035" code="SW" name="Southwest"></windDirection><windSpeed mps="4.861" unit="m/s" name="Gentle Breeze"></windSpeed><temperature unit="celsius" value="13.15" min="13.15" max="13.15"></temperature><pressure unit="hPa" value="1009"></pressure><humidity value="78" unit="%"></humidity><clouds value="overcast clouds" all="99" unit="%"></clouds></time><time from="2019-10-12T12:00:00" to="2019-10-12T15:00:00"><symbol number="500" name="light rain" var="10d"></symbol><precipitation unit="3h" value="0.25" type="rain"></precipitation><windDirection deg="227.03" code="SW" name="Southwest"></windDirection><windSpeed mps="4.092" unit="m/s" name="Gentle Breeze"></windSpeed><temperature unit="celsius" value="12.89" min="12.89" max="12.89"></temperature><pressure unit="hPa" value="1009"></pressure><humidity value="79" unit="%"></humidity><clouds value="overcast clouds" all="99" unit="%"></clouds></time><time from="2019-10-12T15:00:00" to="2019-10-12T18:00:00"><symbol number="804" name="overcast clouds" var="04n"></symbol><precipitation></precipitation><windDirection deg="182.369" code="S" name="South"></windDirection><windSpeed mps="1.863" unit="m/s" name="Light breeze"></windSpeed><temperature unit="celsius" value="9.85" min="9.85" max="9.85"></temperature><pressure unit="hPa" value="1009"></pressure><humidity value="92" unit="%"></humidity><clouds value="overcast clouds" all="100" unit="%"></clouds></time><time from="2019-10-12T18:00:00" to="2019-10-12T21:00:00"><symbol number="500" name="light rain" var="10n"></symbol><precipitation unit="3h" value="0.312" type="rain"></precipitation><windDirection deg="144.885" code="SE" name="SouthEast"></windDirection><windSpeed mps="2.443" unit="m/s" name="Light breeze"></windSpeed><temperature unit="celsius" value="9.45" min="9.45" max="9.45"></temperature><pressure unit="hPa" value="1009"></pressure><humidity value="94" unit="%"></humidity><clouds value="overcast clouds" all="100" unit="%"></clouds></time><time from="2019-10-12T21:00:00" to="2019-10-13T00:00:00"><symbol number="500" name="light rain" var="10n"></symbol><precipitation unit="3h" value="1.063" type="rain"></precipitation><windDirection deg="134.443" code="SE" name="SouthEast"></windDirection><windSpeed mps="1.962" unit="m/s" name="Light breeze"></windSpeed><temperature unit="celsius" value="9.84" min="9.84" max="9.84"></temperature><pressure unit="hPa" value="1006"></pressure><humidity value="98" unit="%"></humidity><clouds value="overcast clouds" all="100" unit="%"></clouds></time><time from="2019-10-13T00:00:00" to="2019-10-13T03:00:00"><symbol number="500" name="light rain" var="10n"></symbol><precipitation unit="3h" value="1.188" type="rain"></precipitation><windDirection deg="69.546" code="ENE" name="East-northeast"></windDirection><windSpeed mps="1.966" unit="m/s" name="Light breeze"></windSpeed><temperature unit="celsius" value="9.63" min="9.63" max="9.63"></temperature><pressure unit="hPa" value="1003"></pressure><humidity value="98" unit="%"></humidity><clouds value="overcast clouds" all="100" unit="%"></clouds></time><time from="2019-10-13T03:00:00" to="2019-10-13T06:00:00"><symbol number="501" name="moderate rain" var="10n"></symbol><precipitation unit="3h" value="6.25" type="rain"></precipitation><windDirection deg="12.426" code="NNE" name="North-northeast"></windDirection><windSpeed mps="2.528" unit="m/s" name="Light breeze"></windSpeed><temperature unit="celsius" value="9.58" min="9.58" max="9.58"></temperature><pressure unit="hPa" value="1000"></pressure><humidity value="98" unit="%"></humidity><clouds value="overcast clouds" all="100" unit="%"></clouds></time><time from="2019-10-13T06:00:00" to="2019-10-13T09:00:00"><symbol number="501" name="moderate rain" var="10d"></symbol><precipitation unit="3h" value="3.438" type="rain"></precipitation><windDirection deg="339.484" code="NNW" name="North-northwest"></windDirection><windSpeed mps="3.658" unit="m/s" name="Gentle Breeze"></windSpeed><temperature unit="celsius" value="10.13" min="10.13" max="10.13"></temperature><pressure unit="hPa" value="998"></pressure><humidity value="98" unit="%"></humidity><clouds value="overcast clouds" all="100" unit="%"></clouds></time><time from="2019-10-13T09:00:00" to="2019-10-13T12:00:00"><symbol number="500" name="light rain" var="10d"></symbol><precipitation unit="3h" value="2.562" type="rain"></precipitation><windDirection deg="236.017" code="SW" name="Southwest"></windDirection><windSpeed mps="3.204" unit="m/s" name="Light breeze"></windSpeed><temperature unit="celsius" value="11.22" min="11.22" max="11.22"></temperature><pressure unit="hPa" value="999"></pressure><humidity value="93" unit="%"></humidity><clouds value="overcast clouds" all="100" unit="%"></clouds></time><time from="2019-10-13T12:00:00" to="2019-10-13T15:00:00"><symbol number="500" name="light rain" var="10d"></symbol><precipitation unit="3h" value="0.75" type="rain"></precipitation><windDirection deg="275.632" code="W" name="West"></windDirection><windSpeed mps="4.718" unit="m/s" name="Gentle Breeze"></windSpeed><temperature unit="celsius" value="11.36" min="11.36" max="11.36"></temperature><pressure unit="hPa" value="1002"></pressure><humidity value="90" unit="%"></humidity><clouds value="overcast clouds" all="100" unit="%"></clouds></time><time from="2019-10-13T15:00:00" to="2019-10-13T18:00:00"><symbol number="500" name="light rain" var="10n"></symbol><precipitation unit="3h" value="0.125" type="rain"></precipitation><windDirection deg="211.85" code="SSW" name="South-southwest"></windDirection><windSpeed mps="2.185" unit="m/s" name="Light breeze"></windSpeed><temperature unit="celsius" value="8.75" min="8.75" max="8.75"></temperature><pressure unit="hPa" value="1003"></pressure><humidity value="93" unit="%"></humidity><clouds value="overcast clouds" all="100" unit="%"></clouds></time><time from="2019-10-13T18:00:00" to="2019-10-13T21:00:00"><symbol number="804" name="overcast clouds" var="04n"></symbol><precipitation></precipitation><windDirection deg="158.848" code="SSE" name="South-southeast"></windDirection><windSpeed mps="1.948" unit="m/s" name="Light breeze"></windSpeed><temperature unit="celsius" value="8.68" min="8.68" max="8.68"></temperature><pressure unit="hPa" value="1005"></pressure><humidity value="94" unit="%"></humidity><clouds value="overcast clouds" all="100" unit="%"></clouds></time><time from="2019-10-13T21:00:00" to="2019-10-14T00:00:00"><symbol number="804" name="overcast clouds" var="04n"></symbol><precipitation></precipitation><windDirection deg="132.984" code="SE" name="SouthEast"></windDirection><windSpeed mps="1.226" unit="m/s" name="Calm"></windSpeed><temperature unit="celsius" value="7.99" min="7.99" max="7.99"></temperature><pressure unit="hPa" value="1005"></pressure><humidity value="94" unit="%"></humidity><clouds value="overcast clouds" all="100" unit="%"></clouds></time><time from="2019-10-14T00:00:00" to="2019-10-14T03:00:00"><symbol number="804" name="overcast clouds" var="04n"></symbol><precipitation></precipitation><windDirection deg="93.206" code="E" name="East"></windDirection><windSpeed mps="1.591" unit="m/s" name=""></windSpeed><temperature unit="celsius" value="8.65" min="8.65" max="8.65"></temperature><pressure unit="hPa" value="1004"></pressure><humidity value="95" unit="%"></humidity><clouds value="overcast clouds" all="100" unit="%"></clouds></time><time from="2019-10-14T03:00:00" to="2019-10-14T06:00:00"><symbol number="500" name="light rain" var="10n"></symbol><precipitation unit="3h" value="0.625" type="rain"></precipitation><windDirection deg="90.692" code="E" name="East"></windDirection><windSpeed mps="2.565" unit="m/s" name="Light breeze"></windSpeed><temperature unit="celsius" value="9.41" min="9.41" max="9.41"></temperature><pressure unit="hPa" value="1003"></pressure><humidity value="96" unit="%"></humidity><clouds value="overcast clouds" all="100" unit="%"></clouds></time><time from="2019-10-14T06:00:00" to="2019-10-14T09:00:00"><symbol number="500" name="light rain" var="10d"></symbol><precipitation unit="3h" value="0.562" type="rain"></precipitation><windDirection deg="59.163" code="ENE" name="East-northeast"></windDirection><windSpeed mps="2.797" unit="m/s" name="Light breeze"></windSpeed><temperature unit="celsius" value="9.51" min="9.51" max="9.51"></temperature><pressure unit="hPa" value="1002"></pressure><humidity value="94" unit="%"></humidity><clouds value="overcast clouds" all="100" unit="%"></clouds></time><time from="2019-10-14T09:00:00" to="2019-10-14T12:00:00"><symbol number="500" name="light rain" var="10d"></symbol><precipitation unit="3h" value="1.5" type="rain"></precipitation><windDirection deg="80.75" code="E" name="East"></windDirection><windSpeed mps="1.773" unit="m/s" name="Light breeze"></windSpeed><temperature unit="celsius" value="10.54" min="10.54" max="10.54"></temperature><pressure unit="hPa" value="1001"></pressure><humidity value="96" unit="%"></humidity><clouds value="overcast clouds" all="100" unit="%"></clouds></time><time from="2019-10-14T12:00:00" to="2019-10-14T15:00:00"><symbol number="500" name="light rain" var="10d"></symbol><precipitation unit="3h" value="1.062" type="rain"></precipitation><windDirection deg="84.294" code="E" name="East"></windDirection><windSpeed mps="3.711" unit="m/s" name="Gentle Breeze"></windSpeed><temperature unit="celsius" value="11.35" min="11.35" max="11.35"></temperature><pressure unit="hPa" value="1000"></pressure><humidity value="93" unit="%"></humidity><clouds value="overcast clouds" all="100" unit="%"></clouds></time><time from="2019-10-14T15:00:00" to="2019-10-14T18:00:00"><symbol number="500" name="light rain" var="10n"></symbol><precipitation unit="3h" value="0.063" type="rain"></precipitation><windDirection deg="66.017" code="ENE" name="East-northeast"></windDirection><windSpeed mps="2.829" unit="m/s" name="Light breeze"></windSpeed><temperature unit="celsius" value="9.37" min="9.37" max="9.37"></temperature><pressure unit="hPa" value="1000"></pressure><humidity value="94" unit="%"></humidity><clouds value="overcast clouds" all="100" unit="%"></clouds></time></forecast></weatherdata>